{
  "affine": [
    [
      5.945945945945946,
      0.0,
      83.24324324324324
    ],
    [
      0.0,
      -9.91306601410864,
      603.7057202592162
    ]
  ],
  "inverse": [
    [
      0.16818181818181818,
      0.0,
      -14.0
    ],
    [
      -0.0,
      -0.10087696365350167,
      60.89999999999999
    ]
  ],
  "pixel_bbox": [
    0,
    0,
    110,
    110
  ],
  "bounds_geo": [
    -14.0,
    49.8,
    4.5,
    60.9
  ]
}
